<?xml version="1.0"?>
<Runs Version="1" Minor="0">
	<Run Id="cam_veri_dlmb_bram_if_cntlr_0_synth_1" LaunchDir="C:/Users/weiha/Desktop/SuperPong_Project/Cam_Veri/Cam_Veri.runs/cam_veri_dlmb_bram_if_cntlr_0_synth_1" FlowId="Vivado_Synthesis" FromStepId="vivado" ToStepId="vivado"/>
	<Run Id="cam_veri_ilmb_v10_0_synth_1" LaunchDir="C:/Users/weiha/Desktop/SuperPong_Project/Cam_Veri/Cam_Veri.runs/cam_veri_ilmb_v10_0_synth_1" FlowId="Vivado_Synthesis" FromStepId="vivado" ToStepId="vivado"/>
	<Run Id="cam_veri_dlmb_v10_0_synth_1" LaunchDir="C:/Users/weiha/Desktop/SuperPong_Project/Cam_Veri/Cam_Veri.runs/cam_veri_dlmb_v10_0_synth_1" FlowId="Vivado_Synthesis" FromStepId="vivado" ToStepId="vivado"/>
	<Run Id="cam_veri_microblaze_0_0_synth_1" LaunchDir="C:/Users/weiha/Desktop/SuperPong_Project/Cam_Veri/Cam_Veri.runs/cam_veri_microblaze_0_0_synth_1" FlowId="Vivado_Synthesis" FromStepId="vivado" ToStepId="vivado"/>
	<Run Id="cam_veri_rst_mig_7series_0_100M_0_synth_1" LaunchDir="C:/Users/weiha/Desktop/SuperPong_Project/Cam_Veri/Cam_Veri.runs/cam_veri_rst_mig_7series_0_100M_0_synth_1" FlowId="Vivado_Synthesis" FromStepId="vivado" ToStepId="vivado"/>
	<Run Id="cam_veri_mig_7series_0_0_synth_1" LaunchDir="C:/Users/weiha/Desktop/SuperPong_Project/Cam_Veri/Cam_Veri.runs/cam_veri_mig_7series_0_0_synth_1" FlowId="Vivado_Synthesis" FromStepId="vivado" ToStepId="vivado"/>
	<Run Id="cam_veri_xbar_0_synth_1" LaunchDir="C:/Users/weiha/Desktop/SuperPong_Project/Cam_Veri/Cam_Veri.runs/cam_veri_xbar_0_synth_1" FlowId="Vivado_Synthesis" FromStepId="vivado" ToStepId="vivado"/>
	<Run Id="cam_veri_axi_uartlite_0_0_synth_1" LaunchDir="C:/Users/weiha/Desktop/SuperPong_Project/Cam_Veri/Cam_Veri.runs/cam_veri_axi_uartlite_0_0_synth_1" FlowId="Vivado_Synthesis" FromStepId="vivado" ToStepId="vivado"/>
	<Run Id="cam_veri_rst_clk_wiz_1_100M_0_synth_1" LaunchDir="C:/Users/weiha/Desktop/SuperPong_Project/Cam_Veri/Cam_Veri.runs/cam_veri_rst_clk_wiz_1_100M_0_synth_1" FlowId="Vivado_Synthesis" FromStepId="vivado" ToStepId="vivado"/>
	<Run Id="cam_veri_mdm_1_0_synth_1" LaunchDir="C:/Users/weiha/Desktop/SuperPong_Project/Cam_Veri/Cam_Veri.runs/cam_veri_mdm_1_0_synth_1" FlowId="Vivado_Synthesis" FromStepId="vivado" ToStepId="vivado"/>
	<Run Id="cam_veri_microblaze_0_xlconcat_0_synth_1" LaunchDir="C:/Users/weiha/Desktop/SuperPong_Project/Cam_Veri/Cam_Veri.runs/cam_veri_microblaze_0_xlconcat_0_synth_1" FlowId="Vivado_Synthesis" FromStepId="vivado" ToStepId="vivado"/>
	<Run Id="cam_veri_microblaze_0_axi_intc_0_synth_1" LaunchDir="C:/Users/weiha/Desktop/SuperPong_Project/Cam_Veri/Cam_Veri.runs/cam_veri_microblaze_0_axi_intc_0_synth_1" FlowId="Vivado_Synthesis" FromStepId="vivado" ToStepId="vivado"/>
	<Run Id="cam_veri_clk_wiz_1_0_synth_1" LaunchDir="C:/Users/weiha/Desktop/SuperPong_Project/Cam_Veri/Cam_Veri.runs/cam_veri_clk_wiz_1_0_synth_1" FlowId="Vivado_Synthesis" FromStepId="vivado" ToStepId="vivado"/>
	<Run Id="cam_veri_lmb_bram_0_synth_1" LaunchDir="C:/Users/weiha/Desktop/SuperPong_Project/Cam_Veri/Cam_Veri.runs/cam_veri_lmb_bram_0_synth_1" FlowId="Vivado_Synthesis" FromStepId="vivado" ToStepId="vivado"/>
	<Run Id="cam_veri_ilmb_bram_if_cntlr_0_synth_1" LaunchDir="C:/Users/weiha/Desktop/SuperPong_Project/Cam_Veri/Cam_Veri.runs/cam_veri_ilmb_bram_if_cntlr_0_synth_1" FlowId="Vivado_Synthesis" FromStepId="vivado" ToStepId="vivado"/>
	<Run Id="cam_veri_VGAcam_AXI_v1_0_0_1_synth_1" LaunchDir="C:/Users/weiha/Desktop/SuperPong_Project/Cam_Veri/Cam_Veri.runs/cam_veri_VGAcam_AXI_v1_0_0_1_synth_1" FlowId="Vivado_Synthesis" FromStepId="vivado" ToStepId="vivado"/>
	<Run Id="cam_veri_auto_cc_0_synth_1" LaunchDir="C:/Users/weiha/Desktop/SuperPong_Project/Cam_Veri/Cam_Veri.runs/cam_veri_auto_cc_0_synth_1" FlowId="Vivado_Synthesis" FromStepId="vivado" ToStepId="vivado"/>
	<Run Id="cam_veri_auto_pc_0_synth_1" LaunchDir="C:/Users/weiha/Desktop/SuperPong_Project/Cam_Veri/Cam_Veri.runs/cam_veri_auto_pc_0_synth_1" FlowId="Vivado_Synthesis" FromStepId="vivado" ToStepId="vivado"/>
	<Run Id="synth_1" LaunchDir="C:/Users/weiha/Desktop/SuperPong_Project/Cam_Veri/Cam_Veri.runs/synth_1" FlowId="Vivado_Synthesis" FromStepId="vivado" ToStepId="vivado">
		<Parent Id="cam_veri_dlmb_bram_if_cntlr_0_synth_1"/>
		<Parent Id="cam_veri_ilmb_v10_0_synth_1"/>
		<Parent Id="cam_veri_dlmb_v10_0_synth_1"/>
		<Parent Id="cam_veri_microblaze_0_0_synth_1"/>
		<Parent Id="cam_veri_rst_mig_7series_0_100M_0_synth_1"/>
		<Parent Id="cam_veri_mig_7series_0_0_synth_1"/>
		<Parent Id="cam_veri_xbar_0_synth_1"/>
		<Parent Id="cam_veri_axi_uartlite_0_0_synth_1"/>
		<Parent Id="cam_veri_rst_clk_wiz_1_100M_0_synth_1"/>
		<Parent Id="cam_veri_mdm_1_0_synth_1"/>
		<Parent Id="cam_veri_microblaze_0_xlconcat_0_synth_1"/>
		<Parent Id="cam_veri_microblaze_0_axi_intc_0_synth_1"/>
		<Parent Id="cam_veri_clk_wiz_1_0_synth_1"/>
		<Parent Id="cam_veri_lmb_bram_0_synth_1"/>
		<Parent Id="cam_veri_ilmb_bram_if_cntlr_0_synth_1"/>
		<Parent Id="cam_veri_VGAcam_AXI_v1_0_0_1_synth_1"/>
		<Parent Id="cam_veri_auto_cc_0_synth_1"/>
		<Parent Id="cam_veri_auto_pc_0_synth_1"/>
	</Run>
</Runs>

