<?xml version="1.0" encoding="UTF-8"?>
<GenRun Id="synth_1" LaunchPart="xc7a200tsbg484-1" LaunchTime="1679625665">
  <File Type="RDS-PROPCONSTRS" Name="cam_veri_wrapper_drc_synth.rpt"/>
  <File Type="PA-TCL" Name="cam_veri_wrapper.tcl"/>
  <File Type="RDS-RDS" Name="cam_veri_wrapper.vds"/>
  <File Type="RDS-UTIL" Name="cam_veri_wrapper_utilization_synth.rpt"/>
  <File Type="RDS-UTIL-PB" Name="cam_veri_wrapper_utilization_synth.pb"/>
  <File Type="RDS-DCP" Name="cam_veri_wrapper.dcp"/>
  <File Type="VDS-TIMINGSUMMARY" Name="cam_veri_wrapper_timing_summary_synth.rpt"/>
  <File Type="VDS-TIMING-PB" Name="cam_veri_wrapper_timing_summary_synth.pb"/>
  <FileSet Name="sources" Type="DesignSrcs" RelSrcDir="$PSRCDIR/sources_1">
    <Filter Type="Srcs"/>
    <File Path="$PSRCDIR/sources_1/bd/cam_veri/cam_veri.bd">
      <FileInfo>
        <Attr Name="UsedIn" Val="synthesis"/>
        <Attr Name="UsedIn" Val="implementation"/>
        <Attr Name="UsedIn" Val="simulation"/>
      </FileInfo>
    </File>
    <File Path="$PSRCDIR/sources_1/bd/cam_veri/hdl/cam_veri_wrapper.v">
      <FileInfo>
        <Attr Name="UsedIn" Val="synthesis"/>
        <Attr Name="UsedIn" Val="implementation"/>
        <Attr Name="UsedIn" Val="simulation"/>
      </FileInfo>
    </File>
    <File Path="$PSRCDIR/sources_1/bd/cam_veri/ip/cam_veri_mig_7series_0_0/board.prj">
      <FileInfo>
        <Attr Name="UsedIn" Val="synthesis"/>
      </FileInfo>
    </File>
    <Config>
      <Option Name="DesignMode" Val="RTL"/>
      <Option Name="TopModule" Val="cam_veri_wrapper"/>
      <Option Name="TopAutoSet" Val="TRUE"/>
    </Config>
  </FileSet>
  <FileSet Name="constrs_in" Type="Constrs" RelSrcDir="$PSRCDIR/constrs_1">
    <Filter Type="Constrs"/>
    <Config>
      <Option Name="ConstrsType" Val="XDC"/>
    </Config>
  </FileSet>
  <Strategy Version="1" Minor="2">
    <StratHandle Name="Vivado Synthesis Defaults" Flow="Vivado Synthesis 2016"/>
    <Step Id="synth_design"/>
  </Strategy>
  <BlockFileSet Type="BlockSrcs" Name="cam_veri_ilmb_v10_0"/>
  <BlockFileSet Type="BlockSrcs" Name="cam_veri_dlmb_bram_if_cntlr_0"/>
  <BlockFileSet Type="BlockSrcs" Name="cam_veri_xbar_0"/>
  <BlockFileSet Type="BlockSrcs" Name="cam_veri_dlmb_v10_0"/>
  <BlockFileSet Type="BlockSrcs" Name="cam_veri_microblaze_0_0"/>
  <BlockFileSet Type="BlockSrcs" Name="cam_veri_rst_mig_7series_0_100M_0"/>
  <BlockFileSet Type="BlockSrcs" Name="cam_veri_VGAcam_AXI_v1_0_0_1"/>
  <BlockFileSet Type="BlockSrcs" Name="cam_veri_mig_7series_0_0"/>
  <BlockFileSet Type="BlockSrcs" Name="cam_veri_rst_clk_wiz_1_100M_0"/>
  <BlockFileSet Type="BlockSrcs" Name="cam_veri_axi_uartlite_0_0"/>
  <BlockFileSet Type="BlockSrcs" Name="cam_veri_mdm_1_0"/>
  <BlockFileSet Type="BlockSrcs" Name="cam_veri_microblaze_0_xlconcat_0"/>
  <BlockFileSet Type="BlockSrcs" Name="cam_veri_microblaze_0_axi_intc_0"/>
  <BlockFileSet Type="BlockSrcs" Name="cam_veri_clk_wiz_1_0"/>
  <BlockFileSet Type="BlockSrcs" Name="cam_veri_lmb_bram_0"/>
  <BlockFileSet Type="BlockSrcs" Name="cam_veri_ilmb_bram_if_cntlr_0"/>
  <BlockFileSet Type="BlockSrcs" Name="cam_veri_auto_cc_0"/>
  <BlockFileSet Type="BlockSrcs" Name="cam_veri_auto_pc_0"/>
</GenRun>
