<?xml version="1.0" encoding="UTF-8"?>
<GenRun Id="frame_buffer_synth_1" LaunchPart="xc7a200tsbg484-1" LaunchTime="1679961319">
  <File Type="PA-TCL" Name="frame_buffer.tcl"/>
  <File Type="RDS-PROPCONSTRS" Name="frame_buffer_drc_synth.rpt"/>
  <File Type="REPORTS-TCL" Name="frame_buffer_reports.tcl"/>
  <File Type="RDS-RDS" Name="frame_buffer.vds"/>
  <File Type="RDS-UTIL" Name="frame_buffer_utilization_synth.rpt"/>
  <File Type="RDS-UTIL-PB" Name="frame_buffer_utilization_synth.pb"/>
  <File Type="RDS-DCP" Name="frame_buffer.dcp"/>
  <File Type="VDS-TIMINGSUMMARY" Name="frame_buffer_timing_summary_synth.rpt"/>
  <File Type="VDS-TIMING-PB" Name="frame_buffer_timing_summary_synth.pb"/>
  <FileSet Name="sources" Type="BlockSrcs" RelSrcDir="$PSRCDIR/frame_buffer">
    <File Path="$PSRCDIR/sources_1/ip/frame_buffer/frame_buffer.xci">
      <FileInfo>
        <Attr Name="ImportPath" Val="$PPRDIR/../camera_system-master/src/ip/frame_buffer/frame_buffer.xci"/>
        <Attr Name="ImportTime" Val="1554658011"/>
        <Attr Name="UsedIn" Val="synthesis"/>
        <Attr Name="UsedIn" Val="implementation"/>
        <Attr Name="UsedIn" Val="simulation"/>
      </FileInfo>
    </File>
    <Config>
      <Option Name="TopModule" Val="frame_buffer"/>
      <Option Name="UseBlackboxStub" Val="1"/>
    </Config>
  </FileSet>
  <FileSet Name="constrs_in" Type="BlockSrcs" RelSrcDir="$PSRCDIR/frame_buffer">
    <File Path="$PSRCDIR/sources_1/ip/frame_buffer/frame_buffer.xci">
      <FileInfo>
        <Attr Name="ImportPath" Val="$PPRDIR/../camera_system-master/src/ip/frame_buffer/frame_buffer.xci"/>
        <Attr Name="ImportTime" Val="1554658011"/>
        <Attr Name="UsedIn" Val="synthesis"/>
        <Attr Name="UsedIn" Val="implementation"/>
        <Attr Name="UsedIn" Val="simulation"/>
      </FileInfo>
    </File>
    <Config>
      <Option Name="TopModule" Val="frame_buffer"/>
      <Option Name="UseBlackboxStub" Val="1"/>
    </Config>
  </FileSet>
  <FileSet Name="utils" Type="Utils" RelSrcDir="$PSRCDIR/utils_1">
    <Filter Type="Utils"/>
    <Config>
      <Option Name="TopAutoSet" Val="TRUE"/>
    </Config>
  </FileSet>
  <Strategy Version="1" Minor="2">
    <StratHandle Name="Vivado Synthesis Defaults" Flow="Vivado Synthesis 2018">
      <Desc>Vivado Synthesis Defaults</Desc>
    </StratHandle>
    <Step Id="synth_design"/>
  </Strategy>
</GenRun>
