<?xml version="1.0" encoding="UTF-8"?>
<GenRun Id="synth_1" LaunchPart="xc7a200tsbg484-1" LaunchTime="1679961319">
  <File Type="PA-TCL" Name="myip_CAM_AXI_v1_0.tcl"/>
  <File Type="RDS-PROPCONSTRS" Name="myip_CAM_AXI_v1_0_drc_synth.rpt"/>
  <File Type="REPORTS-TCL" Name="myip_CAM_AXI_v1_0_reports.tcl"/>
  <File Type="RDS-RDS" Name="myip_CAM_AXI_v1_0.vds"/>
  <File Type="RDS-UTIL" Name="myip_CAM_AXI_v1_0_utilization_synth.rpt"/>
  <File Type="RDS-UTIL-PB" Name="myip_CAM_AXI_v1_0_utilization_synth.pb"/>
  <File Type="RDS-DCP" Name="myip_CAM_AXI_v1_0.dcp"/>
  <File Type="VDS-TIMINGSUMMARY" Name="myip_CAM_AXI_v1_0_timing_summary_synth.rpt"/>
  <File Type="VDS-TIMING-PB" Name="myip_CAM_AXI_v1_0_timing_summary_synth.pb"/>
  <FileSet Name="sources" Type="DesignSrcs" RelSrcDir="$PSRCDIR/sources_1">
    <Filter Type="Srcs"/>
    <File Path="$PSRCDIR/sources_1/imports/hdl/video_stream/axi2bram.v">
      <FileInfo>
        <Attr Name="ImportPath" Val="$PPRDIR/../camera_system-master/src/hdl/video_stream/axi2bram.v"/>
        <Attr Name="ImportTime" Val="1554658011"/>
        <Attr Name="UsedIn" Val="synthesis"/>
        <Attr Name="UsedIn" Val="implementation"/>
        <Attr Name="UsedIn" Val="simulation"/>
      </FileInfo>
    </File>
    <File Path="$PSRCDIR/sources_1/imports/debounce/debounce_inputs.v">
      <FileInfo>
        <Attr Name="ImportPath" Val="$PPRDIR/../camera_system-master/src/hdl/debounce/debounce_inputs.v"/>
        <Attr Name="ImportTime" Val="1554658011"/>
        <Attr Name="UsedIn" Val="synthesis"/>
        <Attr Name="UsedIn" Val="implementation"/>
        <Attr Name="UsedIn" Val="simulation"/>
      </FileInfo>
    </File>
    <File Path="$PSRCDIR/sources_1/imports/debounce/debouncer.v">
      <FileInfo>
        <Attr Name="ImportPath" Val="$PPRDIR/../camera_system-master/src/hdl/debounce/debouncer.v"/>
        <Attr Name="ImportTime" Val="1554658011"/>
        <Attr Name="UsedIn" Val="synthesis"/>
        <Attr Name="UsedIn" Val="implementation"/>
        <Attr Name="UsedIn" Val="simulation"/>
      </FileInfo>
    </File>
    <File Path="$PSRCDIR/sources_1/imports/hdl/dividers/divider_4.v">
      <FileInfo>
        <Attr Name="ImportPath" Val="$PPRDIR/../camera_system-master/src/hdl/dividers/divider_4.v"/>
        <Attr Name="ImportTime" Val="1554658011"/>
        <Attr Name="UsedIn" Val="synthesis"/>
        <Attr Name="UsedIn" Val="implementation"/>
        <Attr Name="UsedIn" Val="simulation"/>
      </FileInfo>
    </File>
    <File Path="$PSRCDIR/sources_1/imports/hdl/video_stream/frame_read.v">
      <FileInfo>
        <Attr Name="ImportPath" Val="$PPRDIR/../camera_system-master/src/hdl/video_stream/frame_read.v"/>
        <Attr Name="ImportTime" Val="1554658011"/>
        <Attr Name="UsedIn" Val="synthesis"/>
        <Attr Name="UsedIn" Val="implementation"/>
        <Attr Name="UsedIn" Val="simulation"/>
      </FileInfo>
    </File>
    <File Path="$PSRCDIR/sources_1/imports/hdl/hls_generated/img_filter.v">
      <FileInfo>
        <Attr Name="ImportPath" Val="$PPRDIR/../camera_system-master/src/hdl/hls_generated/img_filter.v"/>
        <Attr Name="ImportTime" Val="1554658011"/>
        <Attr Name="UsedIn" Val="synthesis"/>
        <Attr Name="UsedIn" Val="implementation"/>
        <Attr Name="UsedIn" Val="simulation"/>
      </FileInfo>
    </File>
    <File Path="$PSRCDIR/sources_1/imports/hdl/hls_generated/img_filter_am_addhbi.v">
      <FileInfo>
        <Attr Name="ImportPath" Val="$PPRDIR/../camera_system-master/src/hdl/hls_generated/img_filter_am_addhbi.v"/>
        <Attr Name="ImportTime" Val="1554658011"/>
        <Attr Name="UsedIn" Val="synthesis"/>
        <Attr Name="UsedIn" Val="implementation"/>
        <Attr Name="UsedIn" Val="simulation"/>
      </FileInfo>
    </File>
    <File Path="$PSRCDIR/sources_1/imports/hdl/hls_generated/img_filter_lineBubkb.v">
      <FileInfo>
        <Attr Name="ImportPath" Val="$PPRDIR/../camera_system-master/src/hdl/hls_generated/img_filter_lineBubkb.v"/>
        <Attr Name="ImportTime" Val="1554658011"/>
        <Attr Name="UsedIn" Val="synthesis"/>
        <Attr Name="UsedIn" Val="implementation"/>
        <Attr Name="UsedIn" Val="simulation"/>
      </FileInfo>
    </File>
    <File Path="$PSRCDIR/sources_1/imports/hdl/hls_generated/img_filter_lineBucud.v">
      <FileInfo>
        <Attr Name="ImportPath" Val="$PPRDIR/../camera_system-master/src/hdl/hls_generated/img_filter_lineBucud.v"/>
        <Attr Name="ImportTime" Val="1554658011"/>
        <Attr Name="UsedIn" Val="synthesis"/>
        <Attr Name="UsedIn" Val="implementation"/>
        <Attr Name="UsedIn" Val="simulation"/>
      </FileInfo>
    </File>
    <File Path="$PSRCDIR/sources_1/imports/hdl/hls_generated/img_filter_mac_muibs.v">
      <FileInfo>
        <Attr Name="ImportPath" Val="$PPRDIR/../camera_system-master/src/hdl/hls_generated/img_filter_mac_muibs.v"/>
        <Attr Name="ImportTime" Val="1554658011"/>
        <Attr Name="UsedIn" Val="synthesis"/>
        <Attr Name="UsedIn" Val="implementation"/>
        <Attr Name="UsedIn" Val="simulation"/>
      </FileInfo>
    </File>
    <File Path="$PSRCDIR/sources_1/imports/hdl/hls_generated/img_filter_mac_mujbC.v">
      <FileInfo>
        <Attr Name="ImportPath" Val="$PPRDIR/../camera_system-master/src/hdl/hls_generated/img_filter_mac_mujbC.v"/>
        <Attr Name="ImportTime" Val="1554658011"/>
        <Attr Name="UsedIn" Val="synthesis"/>
        <Attr Name="UsedIn" Val="implementation"/>
        <Attr Name="UsedIn" Val="simulation"/>
      </FileInfo>
    </File>
    <File Path="$PSRCDIR/sources_1/imports/hdl/hls_generated/img_filter_mac_mukbM.v">
      <FileInfo>
        <Attr Name="ImportPath" Val="$PPRDIR/../camera_system-master/src/hdl/hls_generated/img_filter_mac_mukbM.v"/>
        <Attr Name="ImportTime" Val="1554658011"/>
        <Attr Name="UsedIn" Val="synthesis"/>
        <Attr Name="UsedIn" Val="implementation"/>
        <Attr Name="UsedIn" Val="simulation"/>
      </FileInfo>
    </File>
    <File Path="$PSRCDIR/sources_1/imports/hdl/hls_generated/img_filter_mul_42g8j.v">
      <FileInfo>
        <Attr Name="ImportPath" Val="$PPRDIR/../camera_system-master/src/hdl/hls_generated/img_filter_mul_42g8j.v"/>
        <Attr Name="ImportTime" Val="1554658011"/>
        <Attr Name="UsedIn" Val="synthesis"/>
        <Attr Name="UsedIn" Val="implementation"/>
        <Attr Name="UsedIn" Val="simulation"/>
      </FileInfo>
    </File>
    <File Path="$PSRCDIR/sources_1/imports/hdl/hls_generated/img_filter_mul_66fYi.v">
      <FileInfo>
        <Attr Name="ImportPath" Val="$PPRDIR/../camera_system-master/src/hdl/hls_generated/img_filter_mul_66fYi.v"/>
        <Attr Name="ImportTime" Val="1554658011"/>
        <Attr Name="UsedIn" Val="synthesis"/>
        <Attr Name="UsedIn" Val="implementation"/>
        <Attr Name="UsedIn" Val="simulation"/>
      </FileInfo>
    </File>
    <File Path="$PSRCDIR/sources_1/imports/hdl/hls_generated/img_filter_mux_83eOg.v">
      <FileInfo>
        <Attr Name="ImportPath" Val="$PPRDIR/../camera_system-master/src/hdl/hls_generated/img_filter_mux_83eOg.v"/>
        <Attr Name="ImportTime" Val="1554658011"/>
        <Attr Name="UsedIn" Val="synthesis"/>
        <Attr Name="UsedIn" Val="implementation"/>
        <Attr Name="UsedIn" Val="simulation"/>
      </FileInfo>
    </File>
    <File Path="$PSRCDIR/sources_1/imports/hdl/myip_CAM_AXI_v1_0_S00_AXI.v">
      <FileInfo>
        <Attr Name="ImportPath" Val="$PPRDIR/../ip_repo/myip_CAM_AXI_1.0/hdl/myip_CAM_AXI_v1_0_S00_AXI.v"/>
        <Attr Name="ImportTime" Val="1679943413"/>
        <Attr Name="UsedIn" Val="synthesis"/>
        <Attr Name="UsedIn" Val="implementation"/>
        <Attr Name="UsedIn" Val="simulation"/>
      </FileInfo>
    </File>
    <File Path="$PSRCDIR/sources_1/imports/hdl/video_stream/ov7670_init_regs.v">
      <FileInfo>
        <Attr Name="ImportPath" Val="$PPRDIR/../camera_system-master/src/hdl/video_stream/ov7670_init_regs.v"/>
        <Attr Name="ImportTime" Val="1554658011"/>
        <Attr Name="UsedIn" Val="synthesis"/>
        <Attr Name="UsedIn" Val="implementation"/>
        <Attr Name="UsedIn" Val="simulation"/>
      </FileInfo>
    </File>
    <File Path="$PSRCDIR/sources_1/imports/hdl/sccb/ov7670_read.v">
      <FileInfo>
        <Attr Name="ImportPath" Val="$PPRDIR/../camera_system-master/src/hdl/sccb/ov7670_read.v"/>
        <Attr Name="ImportTime" Val="1554658011"/>
        <Attr Name="UsedIn" Val="synthesis"/>
        <Attr Name="UsedIn" Val="implementation"/>
        <Attr Name="UsedIn" Val="simulation"/>
      </FileInfo>
    </File>
    <File Path="$PSRCDIR/sources_1/imports/hdl/video_stream/processing.v">
      <FileInfo>
        <Attr Name="ImportPath" Val="$PPRDIR/../camera_system-master/src/hdl/video_stream/processing.v"/>
        <Attr Name="ImportTime" Val="1554658011"/>
        <Attr Name="UsedIn" Val="synthesis"/>
        <Attr Name="UsedIn" Val="implementation"/>
        <Attr Name="UsedIn" Val="simulation"/>
      </FileInfo>
    </File>
    <File Path="$PSRCDIR/sources_1/imports/hdl/sccb/sccb_ctrl.v">
      <FileInfo>
        <Attr Name="ImportPath" Val="$PPRDIR/../camera_system-master/src/hdl/sccb/sccb_ctrl.v"/>
        <Attr Name="ImportTime" Val="1554658011"/>
        <Attr Name="UsedIn" Val="synthesis"/>
        <Attr Name="UsedIn" Val="implementation"/>
        <Attr Name="UsedIn" Val="simulation"/>
      </FileInfo>
    </File>
    <File Path="$PSRCDIR/sources_1/imports/hdl/sccb/sccb_read.v">
      <FileInfo>
        <Attr Name="ImportPath" Val="$PPRDIR/../camera_system-master/src/hdl/sccb/sccb_read.v"/>
        <Attr Name="ImportTime" Val="1554658011"/>
        <Attr Name="UsedIn" Val="synthesis"/>
        <Attr Name="UsedIn" Val="implementation"/>
        <Attr Name="UsedIn" Val="simulation"/>
      </FileInfo>
    </File>
    <File Path="$PSRCDIR/sources_1/imports/hdl/sccb/sccb_write.v">
      <FileInfo>
        <Attr Name="ImportPath" Val="$PPRDIR/../camera_system-master/src/hdl/sccb/sccb_write.v"/>
        <Attr Name="ImportTime" Val="1554658011"/>
        <Attr Name="UsedIn" Val="synthesis"/>
        <Attr Name="UsedIn" Val="implementation"/>
        <Attr Name="UsedIn" Val="simulation"/>
      </FileInfo>
    </File>
    <File Path="$PSRCDIR/sources_1/imports/hdl/top.v">
      <FileInfo>
        <Attr Name="ImportPath" Val="$PPRDIR/../camera_system-master/src/hdl/top.v"/>
        <Attr Name="ImportTime" Val="1554658011"/>
        <Attr Name="UsedIn" Val="synthesis"/>
        <Attr Name="UsedIn" Val="implementation"/>
        <Attr Name="UsedIn" Val="simulation"/>
      </FileInfo>
    </File>
    <File Path="$PSRCDIR/sources_1/imports/hdl/myip_CAM_AXI_v1_0.v">
      <FileInfo>
        <Attr Name="ImportPath" Val="$PPRDIR/../ip_repo/myip_CAM_AXI_1.0/hdl/myip_CAM_AXI_v1_0.v"/>
        <Attr Name="ImportTime" Val="1679943413"/>
        <Attr Name="UsedIn" Val="synthesis"/>
        <Attr Name="UsedIn" Val="implementation"/>
        <Attr Name="UsedIn" Val="simulation"/>
      </FileInfo>
    </File>
    <Config>
      <Option Name="DesignMode" Val="RTL"/>
      <Option Name="TopModule" Val="myip_CAM_AXI_v1_0"/>
      <Option Name="TopAutoSet" Val="TRUE"/>
    </Config>
  </FileSet>
  <FileSet Name="constrs_in" Type="Constrs" RelSrcDir="$PSRCDIR/constrs_1">
    <Filter Type="Constrs"/>
    <Config>
      <Option Name="ConstrsType" Val="XDC"/>
    </Config>
  </FileSet>
  <FileSet Name="utils" Type="Utils" RelSrcDir="$PSRCDIR/utils_1">
    <Filter Type="Utils"/>
    <Config>
      <Option Name="TopAutoSet" Val="TRUE"/>
    </Config>
  </FileSet>
  <Strategy Version="1" Minor="2">
    <StratHandle Name="Vivado Synthesis Defaults" Flow="Vivado Synthesis 2016"/>
    <Step Id="synth_design"/>
  </Strategy>
  <BlockFileSet Type="BlockSrcs" Name="frame_buffer"/>
</GenRun>
