<?xml version="1.0" encoding="UTF-8"?>
<GenRun Id="cam_veri_auto_cc_0_synth_1" LaunchPart="xc7a200tsbg484-1" LaunchTime="1679625664">
  <File Type="RDS-PROPCONSTRS" Name="cam_veri_auto_cc_0_drc_synth.rpt"/>
  <File Type="PA-TCL" Name="cam_veri_auto_cc_0.tcl"/>
  <File Type="RDS-RDS" Name="cam_veri_auto_cc_0.vds"/>
  <File Type="RDS-UTIL" Name="cam_veri_auto_cc_0_utilization_synth.rpt"/>
  <File Type="RDS-UTIL-PB" Name="cam_veri_auto_cc_0_utilization_synth.pb"/>
  <File Type="RDS-DCP" Name="cam_veri_auto_cc_0.dcp"/>
  <File Type="VDS-TIMINGSUMMARY" Name="cam_veri_auto_cc_0_timing_summary_synth.rpt"/>
  <File Type="VDS-TIMING-PB" Name="cam_veri_auto_cc_0_timing_summary_synth.pb"/>
  <FileSet Name="sources" Type="BlockSrcs" RelSrcDir="$PSRCDIR/cam_veri_auto_cc_0">
    <File Path="$PSRCDIR/sources_1/bd/cam_veri/ip/cam_veri_auto_cc_0/cam_veri_auto_cc_0.xci">
      <FileInfo>
        <Attr Name="UsedIn" Val="synthesis"/>
        <Attr Name="UsedIn" Val="implementation"/>
        <Attr Name="UsedIn" Val="simulation"/>
      </FileInfo>
    </File>
    <Config>
      <Option Name="TopModule" Val="cam_veri_auto_cc_0"/>
      <Option Name="UseBlackboxStub" Val="1"/>
    </Config>
  </FileSet>
  <FileSet Name="constrs_in" Type="BlockSrcs" RelSrcDir="$PSRCDIR/cam_veri_auto_cc_0">
    <File Path="$PSRCDIR/sources_1/bd/cam_veri/ip/cam_veri_auto_cc_0/cam_veri_auto_cc_0.xci">
      <FileInfo>
        <Attr Name="UsedIn" Val="synthesis"/>
        <Attr Name="UsedIn" Val="implementation"/>
        <Attr Name="UsedIn" Val="simulation"/>
      </FileInfo>
    </File>
    <Config>
      <Option Name="TopModule" Val="cam_veri_auto_cc_0"/>
      <Option Name="UseBlackboxStub" Val="1"/>
    </Config>
  </FileSet>
  <Strategy Version="1" Minor="2">
    <StratHandle Name="Vivado Synthesis Defaults" Flow="Vivado Synthesis 2016">
      <Desc>Vivado Synthesis Defaults</Desc>
    </StratHandle>
    <Step Id="synth_design"/>
  </Strategy>
</GenRun>
