<?xml version="1.0" encoding="UTF-8"?>
<GenRun Id="synth_1" LaunchPart="xc7a200tsbg484-1" LaunchTime="1678969857">
  <File Type="RDS-PROPCONSTRS" Name="camera_interface_drc_synth.rpt"/>
  <File Type="PA-TCL" Name="camera_interface.tcl"/>
  <File Type="RDS-RDS" Name="camera_interface.vds"/>
  <File Type="RDS-UTIL" Name="camera_interface_utilization_synth.rpt"/>
  <File Type="RDS-UTIL-PB" Name="camera_interface_utilization_synth.pb"/>
  <File Type="RDS-DCP" Name="camera_interface.dcp"/>
  <File Type="VDS-TIMINGSUMMARY" Name="camera_interface_timing_summary_synth.rpt"/>
  <File Type="VDS-TIMING-PB" Name="camera_interface_timing_summary_synth.pb"/>
  <FileSet Name="sources" Type="DesignSrcs" RelSrcDir="$PSRCDIR/sources_1">
    <Filter Type="Srcs"/>
    <File Path="$PSRCDIR/sources_1/imports/src/asyn_fifo.v">
      <FileInfo>
        <Attr Name="ImportPath" Val="$PPRDIR/../OV7670_Camera_Interface_SRC/src/asyn_fifo.v"/>
        <Attr Name="ImportTime" Val="1636937998"/>
        <Attr Name="UsedIn" Val="synthesis"/>
        <Attr Name="UsedIn" Val="implementation"/>
        <Attr Name="UsedIn" Val="simulation"/>
      </FileInfo>
    </File>
    <File Path="$PSRCDIR/sources_1/imports/src/dcm_24MHz.v">
      <FileInfo>
        <Attr Name="ImportPath" Val="$PPRDIR/../OV7670_Camera_Interface_SRC/src/dcm_24MHz.v"/>
        <Attr Name="ImportTime" Val="1636937998"/>
        <Attr Name="UsedIn" Val="synthesis"/>
        <Attr Name="UsedIn" Val="implementation"/>
        <Attr Name="UsedIn" Val="simulation"/>
      </FileInfo>
    </File>
    <File Path="$PSRCDIR/sources_1/imports/src/i2c_top.v">
      <FileInfo>
        <Attr Name="ImportPath" Val="$PPRDIR/../OV7670_Camera_Interface_SRC/src/i2c_top.v"/>
        <Attr Name="ImportTime" Val="1636937998"/>
        <Attr Name="UsedIn" Val="synthesis"/>
        <Attr Name="UsedIn" Val="implementation"/>
        <Attr Name="UsedIn" Val="simulation"/>
      </FileInfo>
    </File>
    <File Path="$PSRCDIR/sources_1/imports/src/camera_interface.v">
      <FileInfo>
        <Attr Name="ImportPath" Val="$PPRDIR/../OV7670_Camera_Interface_SRC/src/camera_interface.v"/>
        <Attr Name="ImportTime" Val="1636937998"/>
        <Attr Name="UsedIn" Val="synthesis"/>
        <Attr Name="UsedIn" Val="implementation"/>
        <Attr Name="UsedIn" Val="simulation"/>
      </FileInfo>
    </File>
    <Config>
      <Option Name="DesignMode" Val="RTL"/>
      <Option Name="TopModule" Val="camera_interface"/>
      <Option Name="TopAutoSet" Val="TRUE"/>
    </Config>
  </FileSet>
  <FileSet Name="constrs_in" Type="Constrs" RelSrcDir="$PSRCDIR/constrs_1">
    <Filter Type="Constrs"/>
    <File Path="$PSRCDIR/constrs_1/imports/src/top_module.xdc">
      <FileInfo>
        <Attr Name="ImportPath" Val="$PPRDIR/../OV7670_Camera_Interface_SRC/src/top_module.xdc"/>
        <Attr Name="ImportTime" Val="1636937998"/>
        <Attr Name="UsedIn" Val="synthesis"/>
        <Attr Name="UsedIn" Val="implementation"/>
      </FileInfo>
    </File>
    <Config>
      <Option Name="ConstrsType" Val="XDC"/>
    </Config>
  </FileSet>
  <Strategy Version="1" Minor="2">
    <StratHandle Name="Vivado Synthesis Defaults" Flow="Vivado Synthesis 2016"/>
    <Step Id="synth_design"/>
  </Strategy>
</GenRun>
